"Name","School","AVG","G","GS","AB","R","H","X2B","X3B","HR","RBI","TB","SLG","BB","HBP","SO","GDP","OBP","SF","SH","SB","SBA","OPS","ISO","x1B","wOBA","BB_to_K","PA","K_rate","BB_rate"
"Shanks, Jacob","UC Riverside",0.294,34,32,119,10,35,9,0,1,18,47,0.294,8,6,23,2,0.366,1,0,3,6,0.66,0.101,25,0.34,0.35,134,17.2,6
"Badawi, Jacob","UC Riverside",0.248,44,34,149,17,37,7,0,0,14,44,0.248,5,2,20,5,0.28,1,0,1,3,0.528,0.047,30,0.258,0.25,157,12.7,3.2
"Rivas, Andrew","UC Riverside",0.248,47,35,141,18,35,4,2,2,21,49,0.248,13,3,35,2,0.323,1,0,0,0,0.571,0.099,27,0.302,0.37,158,22.2,8.2
"Pofek, Cole","UC Riverside",0.172,33,16,64,6,11,3,1,0,7,16,0.172,7,2,29,0,0.274,0,1,1,1,0.446,0.078,7,0.246,0.24,74,39.2,9.5
"Mata, Anthony","UC Riverside",0.223,48,47,166,21,37,5,2,1,15,49,0.223,18,4,34,1,0.312,1,2,10,16,0.535,0.072,29,0.279,0.53,191,17.8,9.4
"Orick, Dylan","UC Riverside",0.247,53,52,194,23,48,16,2,3,32,77,0.247,21,3,51,2,0.327,2,0,3,5,0.574,0.149,27,0.321,0.41,220,23.2,9.5
"Nicolai, Joey","UC Riverside",0.205,48,46,171,19,35,11,0,0,18,46,0.205,9,16,38,3,0.303,2,0,2,2,0.508,0.064,24,0.268,0.24,198,19.2,4.5
"Pearson, Marcellus","UC Riverside",0.224,27,19,58,4,13,0,1,0,9,15,0.224,4,1,17,0,0.281,1,0,0,0,0.505,0.034,12,0.247,0.24,64,26.6,6.2
"Melendrez, Andrez","UC Riverside",0.308,19,11,39,6,12,1,0,0,3,13,0.308,4,2,9,1,0.4,0,1,0,0,0.708,0.026,11,0.339,0.44,46,19.6,8.7
"Webb, Nate","UC Riverside",0.111,34,28,99,8,11,4,0,0,3,15,0.111,11,4,37,1,0.226,1,0,3,3,0.337,0.04,7,0.189,0.3,115,32.2,9.6
"Carnazzo, Danny","UC Riverside",0.181,37,23,83,10,15,2,1,0,6,19,0.181,16,0,26,2,0.313,0,3,0,0,0.494,0.048,12,0.261,0.62,102,25.5,15.7
"Gamez, Andrew","UC Riverside",0.273,22,20,66,13,18,3,0,0,2,21,0.273,7,4,8,1,0.372,1,3,7,10,0.645,0.045,15,0.319,0.88,81,9.9,8.6
"Grace, Mason","UC Riverside",0.328,22,18,58,2,19,3,0,0,6,22,0.328,2,3,13,2,0.381,0,0,0,0,0.709,0.052,16,0.343,0.15,63,20.6,3.2
"Juline, Tayl","UC Riverside",0.208,23,13,48,6,10,1,0,0,7,11,0.208,9,1,14,1,0.345,0,1,0,0,0.553,0.021,9,0.279,0.64,59,23.7,15.3
"Mcfarland, Anthony","UC Riverside",0.218,44,36,119,16,26,5,0,0,5,31,0.218,9,1,35,2,0.277,1,3,1,3,0.495,0.042,21,0.246,0.26,133,26.3,6.8
"Mcleod, Sean","UC Riverside",0.207,31,29,92,9,19,4,0,1,12,26,0.207,12,4,25,2,0.321,1,2,1,2,0.528,0.076,14,0.283,0.48,111,22.5,10.8
"Stuart, Ely","UC Riverside",0.194,10,10,31,3,6,0,0,0,0,6,0.194,2,5,11,0,0.342,0,0,0,0,0.536,0,6,0.272,0.18,38,28.9,5.3
"Glascoe, Luke","UC San Diego",0.268,31,15,56,13,15,3,0,0,4,18,0.268,14,3,17,0,0.432,1,2,2,3,0.7,0.054,12,0.356,0.82,76,22.4,18.4
"Smith, Jalen","UC San Diego",0.305,54,53,203,32,62,16,3,7,34,105,0.305,30,5,42,6,0.404,2,1,7,10,0.709,0.212,36,0.401,0.71,241,17.4,12.4
"Smith, Austin","UC San Diego",0.261,53,51,176,29,46,9,0,4,30,67,0.261,26,4,31,4,0.367,1,4,0,1,0.628,0.119,33,0.338,0.84,211,14.7,12.3
"Lucchetti, Anthony","UC San Diego",0.216,39,23,102,17,22,5,0,4,18,39,0.216,10,5,26,0,0.314,1,1,0,0,0.53,0.167,13,0.312,0.38,119,21.8,8.4
"Filia, Marc","UC San Diego",0.283,53,50,187,35,53,9,1,10,41,94,0.283,25,15,54,2,0.404,3,0,4,7,0.687,0.219,33,0.398,0.46,230,23.5,10.9
"FitzGerald, B.","UC San Diego",0.289,40,37,128,19,37,7,1,5,23,61,0.289,20,5,28,3,0.403,1,0,1,1,0.692,0.188,24,0.388,0.71,154,18.2,13
"Halbach, Matt","UC San Diego",0.27,51,33,148,29,40,6,3,4,25,64,0.27,13,3,38,4,0.337,2,0,1,2,0.607,0.162,27,0.338,0.34,166,22.9,7.8
"Fuhrman, Michael","UC San Diego",0.266,46,41,169,29,45,12,2,6,27,79,0.266,22,6,49,0,0.367,2,1,3,5,0.633,0.201,25,0.366,0.45,200,24.5,11
"Gonzalez, Emiliano","UC San Diego",0.312,50,45,157,19,49,13,0,1,18,65,0.312,23,2,30,9,0.404,1,0,0,2,0.716,0.102,35,0.367,0.77,183,16.4,12.6
"McNally, Ryan","UC San Diego",0.282,47,36,124,22,35,8,1,2,21,51,0.282,11,7,40,0,0.373,0,4,6,7,0.655,0.129,24,0.352,0.28,146,27.4,7.5
"Robinson, Crew","UC San Diego",0.223,42,36,139,21,31,4,0,4,15,47,0.223,13,5,40,1,0.31,1,0,2,3,0.533,0.115,23,0.294,0.32,158,25.3,8.2
"Sudyka, Noah","UC San Diego",0.254,40,38,114,20,29,5,1,6,23,54,0.254,24,1,40,4,0.386,1,6,2,4,0.64,0.219,17,0.378,0.6,146,27.4,16.4
"Costello, Nick","UC San Diego",0.162,23,7,37,6,6,0,1,0,4,8,0.162,5,1,16,0,0.273,1,0,1,1,0.435,0.054,5,0.233,0.31,44,36.4,11.4
"Kleszcz, Brock","UC San Diego",0.231,27,15,65,14,15,6,1,1,6,26,0.231,2,5,24,1,0.301,1,0,0,1,0.532,0.169,7,0.309,0.08,73,32.9,2.7
"Saunders, Luke","UC San Diego",0.286,36,24,98,19,28,3,3,0,12,37,0.286,10,4,23,0,0.368,2,0,4,6,0.654,0.092,22,0.334,0.43,114,20.2,8.8
"Fitzgerald, Ben","UC Irvine",0.271,46,43,170,34,46,10,3,7,29,83,0.271,26,7,56,1,0.385,2,3,3,5,0.656,0.218,26,0.382,0.46,208,26.9,12.5
"Hadeen, Woody","UC Irvine",0.267,49,49,176,38,47,7,3,1,17,63,0.267,31,19,34,0,0.429,0,9,13,14,0.696,0.091,36,0.367,0.91,235,14.5,13.2
"Church, Nathan","UC Irvine",0.309,53,53,217,46,67,9,2,5,38,95,0.309,27,4,35,6,0.387,5,0,6,11,0.696,0.129,51,0.364,0.77,253,13.8,10.7
"Gleed, Dub","UC Irvine",0.271,49,45,181,34,49,12,2,2,38,71,0.271,14,13,37,3,0.362,2,1,2,2,0.633,0.122,33,0.338,0.38,211,17.5,6.6
"Torres, Justin","UC Irvine",0.28,54,54,200,37,56,16,3,7,36,99,0.28,26,10,59,2,0.385,3,0,5,8,0.665,0.215,30,0.384,0.44,239,24.7,10.9
"McCaffrey, Thomas","UC Irvine",0.229,44,37,144,16,33,8,1,5,27,58,0.229,17,5,40,2,0.329,1,4,1,3,0.558,0.174,19,0.326,0.42,171,23.4,9.9
"Kendle, Caden","UC Irvine",0.328,46,33,122,26,40,5,1,6,16,65,0.328,19,13,21,1,0.465,1,2,5,7,0.793,0.205,28,0.438,0.9,157,13.4,12.1
"Smith, Myles","UC Irvine",0.229,22,11,48,10,11,2,0,1,10,16,0.229,12,0,19,0,0.377,1,1,0,0,0.606,0.104,8,0.329,0.63,62,30.6,19.4
"Castro, Jacob","UC Irvine",0.264,29,20,87,11,23,5,0,1,16,31,0.264,2,2,19,3,0.297,0,0,0,0,0.561,0.092,17,0.29,0.11,91,20.9,2.2
"Nakawake, Taishi","UC Irvine",0.217,56,55,166,32,36,6,1,2,17,50,0.217,25,9,42,1,0.348,1,15,6,7,0.565,0.084,27,0.304,0.6,216,19.4,11.6
"Garcia-Pacheco, A.","UC Irvine",0.25,39,33,116,14,29,2,0,0,11,31,0.25,17,9,27,2,0.385,1,6,0,0,0.635,0.017,27,0.313,0.63,149,18.1,11.4
"McGuire, Connor","UC Irvine",0.162,42,26,99,14,16,5,2,2,19,31,0.162,7,2,26,1,0.225,3,2,1,1,0.387,0.152,7,0.237,0.27,113,23,6.2
"Spillane, Luke","UC Irvine",0.226,50,41,146,20,33,5,2,0,25,42,0.226,18,6,41,1,0.329,3,4,6,9,0.555,0.062,26,0.286,0.44,177,23.2,10.2
"Mico, J.D.","UC Davis",0.229,37,34,140,20,32,6,0,0,9,38,0.229,16,3,32,2,0.317,2,1,2,2,0.546,0.043,26,0.273,0.5,162,19.8,9.9
"Wolbert, Mark","UC Davis",0.351,41,39,151,27,53,10,3,2,15,75,0.351,21,0,49,1,0.428,1,0,3,5,0.779,0.146,38,0.405,0.43,173,28.3,12.1
"Leehey, Nick","UC Davis",0.265,40,40,155,25,41,10,0,5,29,66,0.265,16,3,43,2,0.341,2,0,1,1,0.606,0.161,26,0.338,0.37,176,24.4,9.1
"Henrickson, Jonah","UC Davis",0.248,41,41,157,20,39,8,0,4,16,59,0.248,9,9,55,1,0.326,0,0,3,5,0.574,0.127,27,0.316,0.16,175,31.4,5.1
"Iverson, Nick","UC Davis",0.28,27,24,82,8,23,6,0,1,13,32,0.28,12,7,30,0,0.416,0,0,2,3,0.696,0.11,16,0.369,0.4,101,29.7,11.9
"Brandel, Jake","UC Davis",0.196,29,26,97,9,19,2,0,0,7,21,0.196,5,1,16,2,0.24,1,0,1,2,0.436,0.021,17,0.21,0.31,104,15.4,4.8
"Sandoval, Raul","UC Davis",0.208,36,33,120,13,25,3,2,2,13,38,0.208,10,3,47,5,0.286,0,0,1,2,0.494,0.108,18,0.273,0.21,133,35.3,7.5
"Peng, Nathan","UC Davis",0.254,31,20,63,3,16,3,0,1,7,22,0.254,2,1,17,1,0.284,1,0,0,0,0.538,0.095,12,0.279,0.12,67,25.4,3
"Williams III, James","UC Davis",0.295,35,29,112,13,33,8,1,2,16,49,0.295,22,0,22,3,0.404,2,1,0,1,0.699,0.143,22,0.373,1,137,16.1,16.1
"Acosta, Riley","UC Davis",0.214,19,8,42,6,9,1,0,0,1,10,0.214,2,0,8,1,0.25,0,0,0,1,0.464,0.024,8,0.222,0.25,44,18.2,4.5
"Plascencia, Omar","UC Davis",0.207,24,18,58,9,12,2,0,0,8,14,0.207,13,1,26,2,0.356,1,0,1,1,0.563,0.034,10,0.289,0.5,73,35.6,17.8
"Arenado, Kyler","UC Davis",0.163,40,39,141,8,23,3,0,0,5,26,0.163,12,3,50,1,0.241,2,0,3,5,0.404,0.021,20,0.203,0.24,158,31.6,7.6
"Piazza, Luke","UC Davis",0.194,16,9,36,5,7,2,0,0,2,9,0.194,4,2,14,0,0.31,0,0,0,1,0.504,0.056,5,0.266,0.29,42,33.3,9.5
"Luttrell, Chase","Long Beach St.",0.312,54,54,221,33,69,17,1,9,46,115,0.312,14,5,39,1,0.365,1,1,2,5,0.677,0.208,42,0.385,0.36,242,16.1,5.8
"Peppi, Rocco","Long Beach St.",0.321,54,54,212,36,68,11,0,5,30,94,0.321,13,19,37,2,0.408,1,0,2,4,0.729,0.123,52,0.381,0.35,245,15.1,5.3
"Saldivar, Eddie","Long Beach St.",0.293,52,50,188,27,55,9,2,1,25,71,0.293,16,9,39,1,0.376,0,2,8,14,0.669,0.085,43,0.341,0.41,215,18.1,7.4
"Long, Jonathon","Long Beach St.",0.311,50,50,183,33,57,8,0,6,37,83,0.311,25,6,48,3,0.411,0,4,2,4,0.722,0.142,43,0.386,0.52,218,22,11.5
"Murillo, Sebastian","Long Beach St.",0.283,53,50,180,37,51,7,1,0,18,60,0.283,28,4,51,3,0.39,1,5,2,3,0.673,0.05,43,0.333,0.55,218,23.4,12.8
"Moeller, Kaden","Long Beach St.",0.191,26,14,47,4,9,2,0,1,2,14,0.191,2,3,18,0,0.269,0,1,0,0,0.46,0.106,6,0.26,0.11,53,34,3.8
"Pimentel, Alex","Long Beach St.",0.212,33,21,66,16,14,2,1,2,7,24,0.212,13,2,22,0,0.358,0,2,5,6,0.57,0.152,9,0.331,0.59,83,26.5,15.7
"Burns, Connor","Long Beach St.",0.162,48,42,130,15,21,4,0,1,15,28,0.162,9,0,51,1,0.214,1,3,0,0,0.376,0.054,16,0.197,0.18,143,35.7,6.3
"Rosales, Javier","Long Beach St.",0.115,14,6,26,1,3,1,0,0,1,4,0.115,4,1,13,0,0.258,0,0,0,0,0.373,0.038,2,0.211,0.31,31,41.9,12.9
"Harrison, Devereaux","Long Beach St.",0.179,27,7,28,1,5,2,0,0,2,7,0.179,0,0,12,0,0.172,1,1,0,0,0.351,0.071,3,0.18,0,30,40,0
"Carlson, Tanner","Long Beach St.",0.345,39,32,116,21,40,6,1,2,20,54,0.345,10,0,14,1,0.397,0,5,0,1,0.742,0.121,31,0.38,0.71,131,10.7,7.6
"Jimenez, Chris","Long Beach St.",0.216,35,21,88,15,19,3,0,6,14,40,0.216,9,1,25,1,0.296,0,1,0,1,0.512,0.239,10,0.329,0.36,99,25.3,9.1
"Loust, Charlie","Long Beach St.",0.239,16,11,46,9,11,3,0,2,7,20,0.239,1,2,11,0,0.286,0,0,1,1,0.525,0.196,6,0.316,0.09,49,22.4,2
"Porter, Tyler","Long Beach St.",0.263,31,19,80,7,21,3,1,0,8,26,0.263,12,1,14,1,0.366,0,0,0,0,0.629,0.062,17,0.318,0.86,93,15.1,12.9
"Schulze, Peyton","Long Beach St.",0.268,46,41,157,20,42,10,1,2,20,60,0.268,16,1,30,3,0.335,2,2,4,5,0.603,0.115,29,0.319,0.53,178,16.9,9
"White, Tyler","Long Beach St.",0.205,38,20,78,12,16,2,0,0,5,18,0.205,9,4,20,0,0.319,0,2,4,4,0.524,0.026,14,0.265,0.45,93,21.5,9.7
"Cabrera, Cole","Hawaii",0.292,52,52,192,40,56,10,0,4,34,78,0.292,32,10,40,2,0.41,5,2,14,17,0.702,0.115,42,0.367,0.8,241,16.6,13.3
"Scott, Scotty","Hawaii",0.235,46,41,136,27,32,3,0,1,10,38,0.235,31,9,25,2,0.404,2,8,5,9,0.639,0.044,28,0.33,1.24,186,13.4,16.7
"Ujimori, Aaron","Hawaii",0.237,49,47,186,29,44,6,1,1,24,55,0.237,17,9,43,4,0.33,0,8,2,7,0.567,0.059,36,0.291,0.4,220,19.5,7.7
"Wong, Matt","Hawaii",0.298,52,51,198,33,59,12,0,5,41,86,0.298,17,7,56,1,0.367,4,0,1,2,0.665,0.136,42,0.353,0.3,226,24.8,7.5
"Igawa, Jacob","Hawaii",0.267,48,47,176,30,47,13,0,7,35,81,0.267,15,12,49,4,0.363,1,1,5,6,0.63,0.193,27,0.364,0.31,205,23.9,7.3
"Duarte, Dallas","Hawaii",0.293,40,39,147,30,43,10,0,2,26,59,0.293,9,12,16,4,0.379,1,6,7,13,0.672,0.109,31,0.351,0.56,175,9.1,5.1
"Miyao,Stone","Hawaii",0.292,48,44,168,31,49,8,1,3,35,68,0.292,21,2,37,5,0.371,3,2,3,5,0.663,0.113,37,0.345,0.57,196,18.9,10.7
"Donahue, Kyson","Hawaii",0.304,38,35,125,26,38,10,0,6,21,66,0.304,24,4,52,1,0.429,1,3,2,3,0.733,0.224,22,0.418,0.46,157,33.1,15.3
"Rivera, Bronson","Hawaii",0.263,31,20,76,6,20,2,1,0,14,24,0.263,8,1,19,2,0.341,0,0,0,0,0.604,0.053,17,0.3,0.42,85,22.4,9.4
"Aribal, Matt","Hawaii",0.133,23,5,30,6,4,0,0,0,0,4,0.133,3,2,8,0,0.257,0,2,0,0,0.39,0,4,0.202,0.38,37,21.6,8.1
"Calderon, Naighel","Hawaii",0.269,22,14,52,8,14,3,0,0,6,17,0.269,8,0,11,1,0.367,0,2,8,9,0.636,0.058,11,0.319,0.73,62,17.7,12.9
"Cardinez, Nainoa","Hawaii",0.189,35,21,74,10,14,3,0,3,11,26,0.189,4,7,34,0,0.294,0,0,0,1,0.483,0.162,8,0.294,0.12,85,40,4.7
"Donahue, Jordan","Hawaii",0.298,49,47,161,31,48,7,1,0,20,57,0.298,18,6,37,0,0.383,3,5,9,12,0.681,0.056,40,0.334,0.49,193,19.2,9.3
"Simons, Jakob","CSUN",0.227,37,24,97,15,22,5,3,0,14,33,0.227,11,14,31,1,0.376,3,2,6,8,0.603,0.113,14,0.331,0.35,127,24.4,8.7
"Sojka, Andrew","CSUN",0.335,54,54,209,46,70,18,1,4,25,102,0.335,30,2,36,1,0.42,2,6,9,12,0.755,0.153,47,0.399,0.83,249,14.5,12
"Moody, Kai","CSUN",0.292,53,53,212,46,62,13,3,5,33,96,0.292,28,0,16,3,0.372,2,2,8,11,0.664,0.16,41,0.362,1.75,244,6.6,11.5
"Sakaino, Shunsuke","CSUN",0.185,28,5,27,3,5,0,0,0,3,5,0.185,4,1,9,0,0.303,1,1,4,4,0.488,0,5,0.24,0.44,34,26.5,11.8
"Gonzalez, Gabe","CSUN",0.25,46,42,140,22,35,6,0,11,39,74,0.25,21,19,50,3,0.414,1,0,0,1,0.664,0.279,18,0.414,0.42,181,27.6,11.6
"West, Bart","CSUN",0.338,53,46,195,31,66,11,1,8,39,103,0.338,7,1,39,2,0.363,1,1,7,9,0.701,0.19,46,0.387,0.18,205,19,3.4
"Kramer, Joey","CSUN",0.25,51,50,172,28,43,14,1,5,27,74,0.25,16,10,34,4,0.345,2,0,1,4,0.595,0.18,23,0.343,0.47,200,17,8
"Barraza, Nathan","CSUN",0.235,31,5,34,6,8,1,0,0,5,9,0.235,7,2,7,0,0.395,0,0,1,3,0.63,0.029,7,0.32,1,43,16.3,16.3
"Le, Mason","CSUN",0.248,49,43,161,20,40,7,0,5,22,62,0.248,9,1,43,3,0.286,4,3,2,5,0.534,0.137,28,0.293,0.21,178,24.2,5.1
"Bohning, Brandon","CSUN",0.272,50,48,173,23,47,7,1,1,23,59,0.272,11,7,20,3,0.337,2,2,4,7,0.609,0.069,38,0.306,0.55,195,10.3,5.6
"Tarlow, Graysen","CSUN",0.286,35,24,91,14,26,2,0,0,3,28,0.286,21,1,12,0,0.425,0,4,4,5,0.711,0.022,24,0.346,1.75,117,10.3,17.9
"Camarillo, Ali","CSUN",0.27,31,29,111,21,30,1,0,1,14,34,0.27,7,10,9,1,0.364,1,4,1,2,0.634,0.036,28,0.313,0.78,133,6.8,5.3
"Fitzer, Kevin","CSUN",0.317,20,10,41,7,13,3,1,0,10,18,0.317,12,3,6,0,0.491,1,0,4,4,0.808,0.122,9,0.419,2,57,10.5,21.1
"Garcia, Sebastian","CSUN",0.186,26,21,59,11,11,3,0,1,7,17,0.186,11,4,15,1,0.351,0,1,0,0,0.537,0.102,7,0.306,0.73,75,20,14.7
"Porter, Drew","CSUN",0.118,27,9,34,10,4,0,0,1,6,7,0.118,6,2,8,0,0.286,0,1,3,4,0.404,0.088,3,0.246,0.75,43,18.6,14
"Powell, Luke","CSUN",0.172,15,8,29,2,5,1,0,0,2,6,0.172,2,2,8,0,0.273,0,2,0,0,0.445,0.034,4,0.232,0.25,35,22.9,5.7
"Yogi, CJ","CSUN",0.235,20,14,51,5,12,1,0,2,5,19,0.235,2,0,5,0,0.264,0,3,0,0,0.499,0.137,9,0.28,0.4,56,8.9,3.6
"Connor, Caden","CSU Fullerton",0.327,55,55,226,42,74,14,2,4,37,104,0.327,33,1,28,5,0.414,1,0,2,2,0.741,0.133,54,0.387,1.18,261,10.7,12.6
"Lyon, Jackson","CSU Fullerton",0.328,50,47,189,36,62,11,2,7,29,98,0.328,21,2,34,4,0.399,1,1,2,5,0.727,0.19,42,0.4,0.62,214,15.9,9.8
"Pigford, Deylan","CSU Fullerton",0.23,31,11,61,3,14,1,0,1,4,18,0.23,1,0,22,0,0.242,0,5,1,1,0.472,0.066,12,0.238,0.05,67,32.8,1.5
"Schell, Austin","CSU Fullerton",0.382,43,34,131,16,50,14,0,3,26,73,0.382,15,4,18,3,0.454,2,2,1,1,0.836,0.176,33,0.439,0.83,154,11.7,9.7
"Lew, Zach","CSU Fullerton",0.317,54,52,199,36,63,9,0,1,29,75,0.317,34,5,28,7,0.427,1,2,0,2,0.744,0.06,53,0.367,1.21,241,11.6,14.1
"Bobo, Brendan","CSU Fullerton",0.258,39,35,132,20,34,7,1,8,35,67,0.258,13,6,52,3,0.346,2,0,2,3,0.604,0.25,18,0.37,0.25,153,34,8.5
"Nankil, Nate","CSU Fullerton",0.237,49,40,156,15,37,10,3,2,17,59,0.237,9,3,41,5,0.288,2,1,14,15,0.525,0.141,22,0.292,0.22,171,24,5.3
"Navyac, J.T.","CSU Fullerton",0.266,49,40,128,19,34,2,3,0,8,42,0.266,10,5,27,2,0.343,0,4,6,6,0.609,0.062,29,0.306,0.37,147,18.4,6.8
"White, Carter","CSU Fullerton",0.276,25,13,58,5,16,1,0,0,8,17,0.276,2,1,13,1,0.306,1,2,0,1,0.582,0.017,15,0.27,0.15,64,20.3,3.1
"Haley, Jack","CSU Fullerton",0.253,53,49,166,28,42,4,1,0,15,48,0.253,8,6,55,0,0.308,2,3,3,5,0.561,0.036,37,0.272,0.15,185,29.7,4.3
"Brandow, Jason","CSU Fullerton",0.301,44,37,146,31,44,3,1,7,23,70,0.301,19,4,36,1,0.394,1,0,4,6,0.695,0.178,33,0.385,0.53,170,21.2,11.2
"Cruz, JJ","CSU Fullerton",0.187,38,19,75,8,14,1,0,2,11,21,0.187,5,5,21,3,0.279,1,2,0,0,0.466,0.093,11,0.259,0.24,88,23.9,5.7
"Hale, Damone","CSU Fullerton",0.234,23,11,47,10,11,3,1,0,3,16,0.234,5,0,19,3,0.308,0,0,2,2,0.542,0.106,7,0.291,0.26,52,36.5,9.6
"Urman, Cole","CSU Fullerton",0.21,40,38,138,11,29,6,0,1,14,38,0.21,6,3,32,0,0.252,4,3,1,3,0.462,0.065,22,0.236,0.19,154,20.8,3.9
"Salas, Nick","CSU Bakersfield",0.209,48,44,134,22,28,5,0,0,13,33,0.209,32,3,23,6,0.371,1,5,6,11,0.58,0.037,23,0.3,1.39,175,13.1,18.3
"Bell, James","CSU Bakersfield",0.3,47,47,180,32,54,13,1,6,34,87,0.3,24,0,45,7,0.379,2,0,2,3,0.679,0.183,34,0.376,0.53,206,21.8,11.7
"Miller, AJ","CSU Bakersfield",0.294,52,52,201,35,59,16,0,12,38,111,0.294,22,4,65,0,0.371,2,0,1,3,0.665,0.259,31,0.398,0.34,229,28.4,9.6
"Perez, Aaron","CSU Bakersfield",0.211,47,43,147,13,31,6,0,1,7,40,0.211,14,4,54,0,0.295,1,0,0,1,0.506,0.061,24,0.263,0.26,166,32.5,8.4
"Carrizosa, Daniel","CSU Bakersfield",0.182,28,13,55,5,10,0,0,0,3,10,0.182,5,1,10,2,0.262,0,0,1,1,0.444,0,10,0.214,0.5,61,16.4,8.2
"Morrissey, Jashia","CSU Bakersfield",0.292,48,47,168,32,49,13,3,3,20,77,0.292,22,2,37,3,0.376,2,1,3,7,0.668,0.167,30,0.366,0.59,195,19,11.3
"Saldivar, Angel","CSU Bakersfield",0.259,35,30,116,14,30,2,0,1,16,35,0.259,8,7,16,5,0.344,0,0,0,0,0.603,0.043,27,0.299,0.5,131,12.2,6.1
"Seeger, Bailey","CSU Bakersfield",0.301,34,23,93,10,28,4,0,2,13,38,0.301,8,2,22,0,0.369,0,1,0,0,0.67,0.108,22,0.348,0.36,104,21.2,7.7
"Allanson, Andrew","CSU Bakersfield",0.242,45,42,161,27,39,4,1,7,28,66,0.242,13,2,44,8,0.302,3,0,2,2,0.544,0.168,27,0.312,0.3,179,24.6,7.3
"Casillas, Aaron","CSU Bakersfield",0.28,49,49,193,21,54,14,0,1,28,71,0.28,9,5,26,5,0.327,1,8,1,4,0.607,0.088,39,0.31,0.35,216,12,4.2
"Hendriks, Cody","CSU Bakersfield",0.214,17,16,56,8,12,2,0,0,6,14,0.214,6,1,7,1,0.302,0,1,1,3,0.516,0.036,10,0.259,0.86,64,10.9,9.4
"Anderson Vine, Nic","CSU Bakersfield",0.343,25,4,35,6,12,2,0,0,3,14,0.343,7,0,10,0,0.442,1,1,0,3,0.785,0.057,10,0.378,0.7,44,22.7,15.9
"Rice, Evan","CSU Bakersfield",0.206,37,29,107,15,22,3,0,0,12,25,0.206,15,5,27,6,0.323,3,1,2,3,0.529,0.028,19,0.267,0.56,131,20.6,11.5
"Stafford, Ryan","Cal Poly",0.321,58,58,246,50,79,16,1,3,33,106,0.321,25,4,34,1,0.384,6,0,3,4,0.705,0.11,59,0.359,0.74,281,12.1,8.9
"Lee, Brooks","Cal Poly",0.357,58,58,235,56,84,25,1,15,55,156,0.357,46,2,28,5,0.462,3,0,3,4,0.819,0.306,43,0.477,1.64,286,9.8,16.1
"Yorke, Joe","Cal Poly",0.353,58,58,224,36,79,13,0,4,51,104,0.353,35,3,32,5,0.44,4,3,0,0,0.793,0.112,62,0.4,1.09,269,11.9,13
"Borgogno, Brett","Cal Poly",0.248,56,28,109,24,27,4,1,4,20,45,0.248,12,5,26,5,0.346,1,6,1,1,0.594,0.165,18,0.339,0.46,133,19.5,9
"Villegas, Collin","Cal Poly",0.29,56,50,183,36,53,20,2,4,40,89,0.29,38,4,39,7,0.417,3,1,0,1,0.707,0.197,27,0.395,0.97,229,17,16.6
"Marinconz, Nick","Cal Poly",0.309,51,45,178,34,55,10,0,1,16,68,0.309,22,6,33,2,0.397,3,3,1,4,0.706,0.073,44,0.351,0.67,212,15.6,10.4
"Samuelson, Tate","Cal Poly",0.245,54,52,200,26,49,10,0,3,32,68,0.245,12,8,39,5,0.309,3,1,0,0,0.554,0.095,36,0.292,0.31,224,17.4,5.4
"Lopez, Matt","Cal Poly",0.307,48,35,140,24,43,10,0,4,28,65,0.307,12,4,29,6,0.373,2,1,0,0,0.68,0.157,29,0.368,0.41,159,18.2,7.5
"Haas, Matthias","Cal Poly",0.265,42,30,113,21,30,3,1,3,17,44,0.265,9,3,29,3,0.333,1,0,0,0,0.598,0.124,23,0.322,0.31,126,23,7.1
"Lagattuta, John","Cal Poly",0.222,54,44,158,24,35,5,1,5,25,57,0.222,22,0,53,0,0.313,2,2,0,3,0.535,0.139,24,0.302,0.42,184,28.8,12
"Armstrong, Mark","Cal Poly",0.2,28,3,35,6,7,2,0,0,8,9,0.2,4,1,4,1,0.3,0,0,0,0,0.5,0.057,5,0.262,1,40,10,10
"Doss, Reagan","Cal Poly",0.27,58,56,178,31,48,9,1,1,25,62,0.27,16,6,60,0,0.345,3,4,0,2,0.615,0.079,37,0.313,0.27,207,29,7.7
"Klassen, Blake","UC Santa Barbara",0.352,37,35,145,36,51,9,2,10,27,94,0.352,12,3,27,5,0.413,0,1,1,2,0.765,0.297,30,0.455,0.44,161,16.8,7.5
"Willits, Bryce","UC Santa Barbara",0.302,47,43,172,40,52,18,2,5,33,89,0.302,30,2,43,4,0.41,1,3,5,5,0.712,0.215,27,0.404,0.7,208,20.7,14.4
"Kirtley, Christian","UC Santa Barbara",0.304,57,57,214,41,65,11,2,11,45,113,0.304,34,9,48,3,0.414,4,1,7,10,0.718,0.224,41,0.409,0.71,262,18.3,13
"Johnson, Kyle","UC Santa Barbara",0.285,58,57,207,41,59,15,0,7,40,95,0.285,42,11,47,2,0.426,3,0,0,1,0.711,0.174,37,0.394,0.89,263,17.9,16
"Vogt, Nick","UC Santa Barbara",0.312,52,52,205,50,64,15,5,7,49,110,0.312,22,11,39,1,0.401,4,0,10,14,0.713,0.224,37,0.404,0.56,242,16.1,9.1
"Mortensen, Broc","UC Santa Barbara",0.249,57,52,201,44,50,5,0,16,53,103,0.249,25,16,60,2,0.376,0,1,6,9,0.625,0.264,29,0.391,0.42,243,24.7,10.3
"Newman Jr, John","UC Santa Barbara",0.337,39,27,101,24,34,6,2,3,21,53,0.337,18,11,22,1,0.485,0,1,8,10,0.822,0.188,23,0.446,0.82,131,16.8,13.7
"Eng, Mason","UC Santa Barbara",0.171,26,12,35,5,6,1,0,1,6,10,0.171,3,2,10,0,0.268,1,4,1,1,0.439,0.114,4,0.255,0.3,45,22.2,6.7
"Oakley, Nick","UC Santa Barbara",0.253,38,23,99,16,25,10,1,1,22,40,0.253,3,6,24,2,0.309,2,2,5,5,0.562,0.152,13,0.313,0.12,112,21.4,2.7
"Sprinkle, Jordan","UC Santa Barbara",0.285,56,56,214,44,61,11,4,3,35,89,0.285,31,6,46,3,0.381,6,1,25,34,0.666,0.131,43,0.353,0.67,258,17.8,12
"Bloom, Giani","UC Santa Barbara",0.167,26,22,72,11,12,2,1,5,13,31,0.167,8,1,22,0,0.256,1,0,1,1,0.423,0.264,4,0.298,0.36,82,26.8,9.8
"Darby, Zander","UC Santa Barbara",0.241,35,29,108,21,26,2,0,7,20,49,0.241,20,5,35,0,0.381,1,1,0,1,0.622,0.213,17,0.371,0.57,135,25.9,14.8
"McCollum, LeTrey","UC Santa Barbara",0.267,21,6,30,6,8,1,0,0,2,9,0.267,4,2,7,0,0.389,0,0,2,2,0.656,0.033,7,0.325,0.57,36,19.4,11.1
"Willow, Jason","UC Santa Barbara",0.253,49,45,166,33,42,7,2,1,21,56,0.253,24,1,50,0,0.347,2,3,15,18,0.6,0.084,32,0.311,0.48,196,25.5,12.2
